Generation,Min,Max,Average
0,-4664.663861,-268.322982,-3256.368068
1,-4652.483272,56.172869,-1333.684426
2,-2994.325892,-203.161395,-1647.992489
3,-4299.193597,-125.193602,-2464.152208
4,-4723.261322,-182.719892,-1224.034580
5,-2864.799640,-186.880966,-862.064060
6,-3214.938442,-186.555221,-2181.497462
7,-2990.120883,-191.476554,-1815.305504
8,-3096.302291,-187.400470,-2152.899365
