Generation,Min,Max,Average
0,-681.000000,220.000000,-142.640000
1,-1210.000000,651.000000,-115.880000
2,-1258.000000,476.000000,-372.420000
3,-1095.000000,438.000000,-103.400000
